Model,Accuracy,F1_Negative
Logistic_Regression,0.9542746113989637,0.45941807044410415
Naive_Bayes,0.9787564766839378,0.26785714285714285
Random_Forest,0.9787564766839378,0.29914529914529914
